Column1;stress;reaction_time;id_user;physical_activity;airplane_mode;surrounding_sound;screen;battery_level;completion_time;day_of_week;mobile_data;delivery_time;wifi;interruptibility_level;stress_level;charge_status;notification_ringtone;current_activity;priority_current_activity;id_user_1;attention_level;emotions;timestamp;interaction_others
137;0;12/12/2023 09:31;bH4H8otePZ9isvYLDACq;0;0;61.93124771;0;89;12/12/2023 09:31;2;0;12/12/2023 09:29;1;3;5;0;2;5;4;bH4H8otePZ9isvYLDACq;3;{'fearful': 0.07764959751540224, 'disgusted': 9.392687165528332e-05, 'angry': 0.0003570494159286925, 'sad': 0.062308233900690485, 'surprised': 0.12079912738986567, 'neutral': 0.6842482490654791, 'happy': 0.054543808759840065};12/12/2023 09:29;0
128;0;13/12/2023 09:43;bH4H8otePZ9isvYLDACq;0;0;89.57017517;0;64;13/12/2023 09:44;3;0;13/12/2023 09:43;1;4;2;0;2;6;3;bH4H8otePZ9isvYLDACq;3;{'fearful': 0.011950872199127402, 'disgusted': 0.02118471428885951, 'angry': 0.014090322830782046, 'sad': 0.051938502452948836, 'surprised': 0.3458839524660424, 'neutral': 0.5272829117139384, 'happy': 0.02766872329705384};13/12/2023 09:43;0
127;0;13/12/2023 10:15;bH4H8otePZ9isvYLDACq;0;0;65.20619965;0;62;13/12/2023 10:15;3;0;13/12/2023 10:13;1;5;2;0;2;9;3;bH4H8otePZ9isvYLDACq;3;{'fearful': 0.004025145722535071, 'disgusted': 0.0011853184194914738, 'angry': 0.008549219958893073, 'sad': 0.10946442666678464, 'surprised': 0.09453605858531473, 'neutral': 0.7566077094180166, 'happy': 0.02563212489896424};13/12/2023 10:13;0
119;0;15/12/2023 10:55;bH4H8otePZ9isvYLDACq;0;0;61.86142349;0;89;15/12/2023 10:55;5;0;15/12/2023 10:54;1;1;2;0;2;9;5;bH4H8otePZ9isvYLDACq;3;{'fearful': 4.31728499112327e-06, 'disgusted': 0.00010843047511646854, 'angry': 0.0011855415484130084, 'sad': 0.09101609588736513, 'surprised': 0.0003832572244239903, 'neutral': 0.9064710780978205, 'happy': 0.0008312769979966104};15/12/2023 10:54;0
117;0;15/12/2023 11:54;bH4H8otePZ9isvYLDACq;0;0;57.88631821;1;85;15/12/2023 11:54;5;0;15/12/2023 11:54;1;5;5;0;2;3;1;bH4H8otePZ9isvYLDACq;3;{'fearful': 2.9505370831957206e-05, 'disgusted': 0.000767677919445448, 'angry': 0.0021783229101926664, 'sad': 0.2949464333225758, 'surprised': 0.01391022700784106, 'neutral': 0.6724110148273982, 'happy': 0.01575683389791475};15/12/2023 11:54;0
116;0;;bH4H8otePZ9isvYLDACq;0;0;70.9407196;0;84;;5;0;15/12/2023 12:24;1;;1;0;2;;;bH4H8otePZ9isvYLDACq;3;{'fearful': 4.346048242339704e-06, 'disgusted': 0.00013361141040135752, 'angry': 0.0026897261645097066, 'sad': 0.11085444595664737, 'surprised': 1.510747816101845e-05, 'neutral': 0.8844208436853744, 'happy': 0.0018819243106169296};15/12/2023 12:24;0
147;0;30/11/2023 11:02;cyDWpmMeasocMsZotTDW;0;0;61.3115921;0;89;30/11/2023 11:02;4;0;30/11/2023 11:01;1;3;4;0;2;9;4;cyDWpmMeasocMsZotTDW;3;{'fearful': 0.00023203989955280935, 'disgusted': 0.00016993537840695493, 'angry': 0.2757208222427315, 'sad': 0.11583264116068338, 'surprised': 0.002650313172639258, 'neutral': 0.5857072314950201, 'happy': 0.019687007557065858};30/11/2023 11:02;0
146;0;30/11/2023 11:34;cyDWpmMeasocMsZotTDW;0;0;71.17897034;0;88;30/11/2023 11:38;4;0;30/11/2023 11:31;1;2;1;0;2;9;4;cyDWpmMeasocMsZotTDW;3;{'fearful': 5.532303183802466e-05, 'disgusted': 0.00012321964036427928, 'angry': 0.11823265491554603, 'sad': 0.006668668741023928, 'surprised': 0.049310307361267056, 'neutral': 0.6934318436094734, 'happy': 0.13217798392083116};30/11/2023 11:32;0
145;0;30/11/2023 12:02;cyDWpmMeasocMsZotTDW;0;0;57.70722198;0;87;30/11/2023 12:02;4;0;30/11/2023 12:01;1;3;1;0;2;9;4;cyDWpmMeasocMsZotTDW;3;{'fearful': 0.0005605132418318995, 'disgusted': 0.02075097655693336, 'angry': 0.08039541583956772, 'sad': 0.021308089497568454, 'surprised': 0.008367480807300237, 'neutral': 0.8683188740998677, 'happy': 0.0002986607574420869};30/11/2023 12:02;0
144;0;30/11/2023 12:32;cyDWpmMeasocMsZotTDW;0;0;63.02126312;0;85;30/11/2023 12:32;4;0;30/11/2023 12:31;1;3;2;0;2;9;4;cyDWpmMeasocMsZotTDW;3;{'fearful': 2.7745802966020836e-05, 'disgusted': 0.0002265395765695742, 'angry': 0.08515064312878795, 'sad': 0.03559241411965752, 'surprised': 0.0406203036259285, 'neutral': 0.8370836416102847, 'happy': 0.0012986982471703955};30/11/2023 12:32;0
143;0;30/11/2023 13:08;cyDWpmMeasocMsZotTDW;1;0;66.43611145;0;84;30/11/2023 13:08;4;0;30/11/2023 13:01;1;2;2;0;2;9;4;cyDWpmMeasocMsZotTDW;3;{'fearful': 0.0004328321888348453, 'disgusted': 0.046536822196061256, 'angry': 0.17256190891691858, 'sad': 0.3321629502588621, 'surprised': 0.014153474638141747, 'neutral': 0.34667108567578, 'happy': 0.08748093963052103};30/11/2023 13:02;0
141;0;;cyDWpmMeasocMsZotTDW;0;0;54.96376038;0;79;;4;0;30/11/2023 14:18;1;;5;0;2;;;cyDWpmMeasocMsZotTDW;3;{'fearful': 1.9072969940751977e-06, 'disgusted': 1.4766138309930424e-05, 'angry': 0.044971552654820134, 'sad': 0.0008658443902450704, 'surprised': 0.004663826590714037, 'neutral': 0.8802369573478567, 'happy': 0.06924515156153128};30/11/2023 14:18;0
140;0;;cyDWpmMeasocMsZotTDW;0;0;65.91133881;0;78;;4;0;30/11/2023 14:48;1;;2;0;2;;;cyDWpmMeasocMsZotTDW;3;{'fearful': 0.010564010276047168, 'disgusted': 0.0026492567572917176, 'angry': 0.27590806673454105, 'sad': 0.05807875314167178, 'surprised': 0.03266980171796594, 'neutral': 0.40297320398856257, 'happy': 0.2171568928917739};30/11/2023 14:48;0
139;0;30/11/2023 15:27;cyDWpmMeasocMsZotTDW;0;0;66.43611145;0;77;30/11/2023 15:27;4;0;30/11/2023 15:18;1;1;5;0;2;9;5;cyDWpmMeasocMsZotTDW;3;{'fearful': 5.653621956289203e-05, 'disgusted': 0.0013711932277950412, 'angry': 0.08935931975890087, 'sad': 0.11555290381121044, 'surprised': 0.01666657088184518, 'neutral': 0.756964834892879, 'happy': 0.020028634497521434};30/11/2023 15:18;0
138;0;30/11/2023 15:53;cyDWpmMeasocMsZotTDW;0;0;68.64334869;0;76;30/11/2023 15:53;4;0;30/11/2023 15:48;1;2;2;0;2;9;4;cyDWpmMeasocMsZotTDW;3;{'fearful': 0.00135992802979606, 'disgusted': 0.0012457463873334364, 'angry': 0.11060970082795198, 'sad': 0.12536277402416057, 'surprised': 0.0082767856134978, 'neutral': 0.7158684191631515, 'happy': 0.03727663931955935};30/11/2023 15:48;0
164;0;13/12/2023 09:30;d7ovggO1a0MticyeQVG9;0;0;70.43061066;0;55;13/12/2023 09:30;3;0;13/12/2023 09:30;1;4;1;0;2;7;4;d7ovggO1a0MticyeQVG9;3;{'fearful': 2.5184176432243274e-06, 'disgusted': 2.3067405394858665e-05, 'angry': 0.013532336159563594, 'sad': 0.0015494925799289221, 'surprised': 0.0007296298374512844, 'neutral': 0.9829641873466557, 'happy': 0.0011987673649283073};13/12/2023 09:30;0
163;0;13/12/2023 10:55;d7ovggO1a0MticyeQVG9;0;0;74.54431152;0;48;13/12/2023 10:55;3;0;13/12/2023 10:55;1;5;5;0;2;2;1;d7ovggO1a0MticyeQVG9;3;{'fearful': 0.0006251731732588562, 'disgusted': 0.002466140196300339, 'angry': 0.03096952129352594, 'sad': 0.15844650938147264, 'surprised': 0.002082012514993053, 'neutral': 0.654737207927422, 'happy': 0.15067342514776255};13/12/2023 10:54;0
157;0;13/12/2023 14:56;d7ovggO1a0MticyeQVG9;0;0;69.02651978;0;28;13/12/2023 14:56;3;1;13/12/2023 14:49;1;2;2;0;2;9;4;d7ovggO1a0MticyeQVG9;3;{'fearful': 7.429724158979931e-05, 'disgusted': 0.008553325309524087, 'angry': 0.025533270418570474, 'sad': 0.028217633290029635, 'surprised': 0.012036591358212676, 'neutral': 0.9209261000505649, 'happy': 0.004658767493990123};13/12/2023 14:49;0
156;0;13/12/2023 15:27;d7ovggO1a0MticyeQVG9;1;0;85.45817566;0;26;13/12/2023 15:27;3;1;13/12/2023 15:19;1;2;2;0;2;9;4;d7ovggO1a0MticyeQVG9;3;{'fearful': 0.004278017969298369, 'disgusted': 0.0062938486857792445, 'angry': 0.04318460574902329, 'sad': 0.15160058490893694, 'surprised': 0.01967230723662178, 'neutral': 0.7601421813535049, 'happy': 0.014828462164104543};13/12/2023 15:19;0
154;0;15/12/2023 12:54;d7ovggO1a0MticyeQVG9;0;0;78.02371216;0;97;15/12/2023 12:54;5;1;15/12/2023 12:53;1;2;2;0;2;9;4;d7ovggO1a0MticyeQVG9;3;{'fearful': 0.024078933984370898, 'disgusted': 0.003193784327840624, 'angry': 0.02224580105678071, 'sad': 0.0463688463534013, 'surprised': 0.006147247732384372, 'neutral': 0.8370142093016989, 'happy': 0.06095116399873881};15/12/2023 12:53;0
150;0;15/12/2023 14:53;d7ovggO1a0MticyeQVG9;0;0;55.38754272;0;91;15/12/2023 14:54;5;1;15/12/2023 14:53;1;4;2;0;2;3;1;d7ovggO1a0MticyeQVG9;3;{'fearful': 5.698677323926738e-08, 'disgusted': 5.742951687114413e-07, 'angry': 8.28740397067696e-05, 'sad': 0.04368810291076385, 'surprised': 2.027286652655e-06, 'neutral': 0.022819229565183854, 'happy': 0.9334071094081514};15/12/2023 14:53;0
176;0;24/11/2023 09:34;dUE6bsuFDFNgbuJAplFb;0;0;78.64134979;0;95;24/11/2023 09:34;5;0;24/11/2023 09:34;1;3;1;0;2;9;3;dUE6bsuFDFNgbuJAplFb;3;{'fearful': 8.028264235134489e-05, 'disgusted': 0.00020775537720506875, 'angry': 0.0011717900613246815, 'sad': 0.09072128748084653, 'surprised': 0.0005980669775620078, 'neutral': 0.9053572844713927, 'happy': 0.0018635088510648196};24/11/2023 09:34;0
175;0;24/11/2023 10:12;dUE6bsuFDFNgbuJAplFb;0;0;69.92198181;0;94;24/11/2023 10:12;5;0;24/11/2023 10:04;1;4;2;0;2;9;3;dUE6bsuFDFNgbuJAplFb;3;{'fearful': 0.013317737995506042, 'disgusted': 6.952796029940732e-05, 'angry': 0.011721860794510975, 'sad': 0.20981747423917665, 'surprised': 0.0002527079842975678, 'neutral': 0.7627066638461264, 'happy': 0.0021140551446951236};24/11/2023 10:04;0
174;0;24/11/2023 10:36;dUE6bsuFDFNgbuJAplFb;0;0;73.41048431;0;93;24/11/2023 10:36;5;0;24/11/2023 10:34;1;3;2;0;2;11;3;dUE6bsuFDFNgbuJAplFb;3;{'fearful': 9.958879814402975e-07, 'disgusted': 3.9807418380491974e-05, 'angry': 0.0015520832465700473, 'sad': 0.004142409316193135, 'surprised': 9.972253567693753e-05, 'neutral': 0.9662008789251558, 'happy': 0.027964102774924303};24/11/2023 10:34;0
173;0;;dUE6bsuFDFNgbuJAplFb;0;0;67.29102325;0;91;;5;0;24/11/2023 11:04;1;;3;0;2;;;dUE6bsuFDFNgbuJAplFb;3;{'fearful': 6.741066019583629e-05, 'disgusted': 8.059214105499965e-05, 'angry': 0.0010119318597212852, 'sad': 0.06504786369782584, 'surprised': 6.228659215683554e-05, 'neutral': 0.9320892247788869, 'happy': 0.0016406858056966364};24/11/2023 11:04;0
172;0;24/11/2023 11:43;dUE6bsuFDFNgbuJAplFb;0;0;84.07479095;0;90;24/11/2023 11:43;5;0;24/11/2023 11:34;1;2;3;0;2;9;3;dUE6bsuFDFNgbuJAplFb;3;{'fearful': 0.0001914610717063684, 'disgusted': 0.001728293974425419, 'angry': 0.05583763640104322, 'sad': 0.07971217660545364, 'surprised': 0.0043889454591003714, 'neutral': 0.8037680337226696, 'happy': 0.05437344149051262};24/11/2023 11:34;0
171;0;24/11/2023 12:33;dUE6bsuFDFNgbuJAplFb;1;0;66.15847778;0;89;;5;0;24/11/2023 12:04;1;;3;0;2;;;dUE6bsuFDFNgbuJAplFb;3;{'fearful': 0.0007073483240208357, 'disgusted': 0.006745511383497126, 'angry': 0.024713348335642878, 'sad': 0.20255145332395652, 'surprised': 0.002293497053574035, 'neutral': 0.7141126952640572, 'happy': 0.048876141400969235};24/11/2023 12:04;0
167;0;24/11/2023 15:00;dUE6bsuFDFNgbuJAplFb;0;0;62.24539948;0;77;24/11/2023 15:00;5;0;24/11/2023 15:00;1;3;3;0;2;5;4;dUE6bsuFDFNgbuJAplFb;3;{'fearful': 0.009533461158071075, 'disgusted': 0.004840715861673523, 'angry': 0.005552401938378655, 'sad': 0.7318361997604371, 'surprised': 0.04060674821448628, 'neutral': 0.1882046692383786, 'happy': 0.019425797310153335};24/11/2023 14:59;0
166;0;;dUE6bsuFDFNgbuJAplFb;0;0;65.11027527;0;75;;5;0;24/11/2023 15:30;1;;3;0;2;;;dUE6bsuFDFNgbuJAplFb;3;{'fearful': 0.008819186849141082, 'disgusted': 0.07202094271848704, 'angry': 0.11184319929466549, 'sad': 0.11967535668060238, 'surprised': 0.04532784656159066, 'neutral': 0.6063096303494402, 'happy': 0.036003839835080126};24/11/2023 15:29;0
165;0;;dUE6bsuFDFNgbuJAplFb;0;0;71.98236847;0;74;;5;0;24/11/2023 16:00;1;;1;0;2;;;dUE6bsuFDFNgbuJAplFb;3;{'fearful': 0.00010166225301115143, 'disgusted': 0.008065373137384313, 'angry': 0.11302950002936994, 'sad': 0.6737478350599606, 'surprised': 0.00015248357602345072, 'neutral': 0.175807855615858, 'happy': 0.02909533899583039};24/11/2023 15:59;0
5;0;30/11/2023 10:42;Ep2LC68YIjMF97rWUWRW;0;0;70.75134277;0;87;30/11/2023 10:42;4;0;30/11/2023 10:42;1;3;1;0;2;9;3;Ep2LC68YIjMF97rWUWRW;3;{'fearful': 0.00828965167356597, 'disgusted': 0.0010895020867715867, 'angry': 0.03830508180803599, 'sad': 0.3768521692077576, 'surprised': 0.002607696335718302, 'neutral': 0.5548311083724625, 'happy': 0.018024786340686806};30/11/2023 10:42;0
194;1;;erj1X6MFCo5o4NEboJb6;0;0;59.19989777;0;43;;1;1;4/12/2023 10:42;1;;5;1;2;;;erj1X6MFCo5o4NEboJb6;3;{'fearful': 0.0004188808960032753, 'disgusted': 0.0015006775596191346, 'angry': 0.30575803057217854, 'sad': 0.4304339911323041, 'surprised': 0.015505024194194788, 'neutral': 0.21475386075024971, 'happy': 0.03162954659962311};4/12/2023 10:42;0
188;0;;erj1X6MFCo5o4NEboJb6;0;0;80.33732605;0;36;;1;0;4/12/2023 13:59;1;;2;0;2;;;erj1X6MFCo5o4NEboJb6;3;{'fearful': 6.867715968310779e-07, 'disgusted': 0.030843608915869333, 'angry': 0.020133957830630312, 'sad': 0.004062710610848274, 'surprised': 0.005940645793130852, 'neutral': 0.8573529398264853, 'happy': 0.08166546108058308};4/12/2023 13:59;0
185;0;;erj1X6MFCo5o4NEboJb6;0;0;76.94033813;0;29;;1;0;4/12/2023 15:29;1;;3;0;2;;;erj1X6MFCo5o4NEboJb6;3;{'fearful': 1.4301626594241758e-05, 'disgusted': 7.35280264115232e-05, 'angry': 0.001013900241901326, 'sad': 0.015048492386646274, 'surprised': 0.00473359019399097, 'neutral': 0.9628892273331684, 'happy': 0.016226956126002893};4/12/2023 15:29;0
184;0;14/12/2023 08:38;erj1X6MFCo5o4NEboJb6;0;0;58.33959961;0;94;14/12/2023 08:38;4;0;14/12/2023 08:38;1;3;2;0;2;8;3;erj1X6MFCo5o4NEboJb6;3;{'fearful': 0.01811762639201088, 'disgusted': 0.0006902969599382858, 'angry': 0.00029219722118841395, 'sad': 0.05536527435942707, 'surprised': 0.003805748855410916, 'neutral': 0.8820384085115229, 'happy': 0.03969044877364164};14/12/2023 08:38;0
183;0;14/12/2023 09:08;erj1X6MFCo5o4NEboJb6;0;0;58.37108994;0;91;14/12/2023 09:08;4;0;14/12/2023 09:08;1;2;2;0;2;8;4;erj1X6MFCo5o4NEboJb6;3;{'fearful': 2.213586638016343e-05, 'disgusted': 3.7037462971356926e-07, 'angry': 6.978924830379181e-06, 'sad': 9.754780916060769e-05, 'surprised': 0.0031291905230309675, 'neutral': 0.9916541637000388, 'happy': 0.005089606160185206};14/12/2023 09:08;0
182;0;14/12/2023 09:38;erj1X6MFCo5o4NEboJb6;0;0;62.14419937;0;89;14/12/2023 09:38;4;0;14/12/2023 09:38;1;4;2;0;2;10;2;erj1X6MFCo5o4NEboJb6;3;{'fearful': 1.6863257211493041e-10, 'disgusted': 1.8287138443630633e-06, 'angry': 3.6742409442564725e-06, 'sad': 0.0002529082545553558, 'surprised': 2.379467942973192e-05, 'neutral': 0.9997160505440276, 'happy': 1.7479362327303846e-06};14/12/2023 09:38;0
181;0;14/12/2023 10:08;erj1X6MFCo5o4NEboJb6;0;0;66.74519348;0;86;14/12/2023 10:08;4;0;14/12/2023 10:08;1;4;2;0;2;10;2;erj1X6MFCo5o4NEboJb6;3;{'fearful': 0.0484054384123113, 'disgusted': 0.002532604057072863, 'angry': 0.005997589250675992, 'sad': 0.18717972625062712, 'surprised': 0.023375773811939643, 'neutral': 0.6494275391011972, 'happy': 0.08308133082690419};14/12/2023 10:08;0
180;0;14/12/2023 10:38;erj1X6MFCo5o4NEboJb6;0;0;68.20542145;0;84;14/12/2023 10:38;4;0;14/12/2023 10:38;1;3;2;0;2;8;3;erj1X6MFCo5o4NEboJb6;3;{'fearful': 5.0240944706945735e-05, 'disgusted': 2.2614292990398298e-05, 'angry': 0.00021174400440935644, 'sad': 0.021547547573872977, 'surprised': 0.0002980035781475659, 'neutral': 0.9776974500253283, 'happy': 0.00017241378215429452};14/12/2023 10:38;0
178;0;14/12/2023 11:38;erj1X6MFCo5o4NEboJb6;0;0;68.73278809;0;79;14/12/2023 11:38;4;0;14/12/2023 11:38;1;4;2;0;2;10;2;erj1X6MFCo5o4NEboJb6;3;{'fearful': 1.537516518120245e-05, 'disgusted': 0.00023107080403981156, 'angry': 0.005406171610334605, 'sad': 0.1597779210857832, 'surprised': 8.11848122169082e-05, 'neutral': 0.652284840372606, 'happy': 0.18220343532068478};14/12/2023 11:38;0
177;0;14/12/2023 12:08;erj1X6MFCo5o4NEboJb6;0;0;65.0812912;0;76;14/12/2023 12:08;4;0;14/12/2023 12:08;1;2;3;0;2;8;4;erj1X6MFCo5o4NEboJb6;3;{'fearful': 0.00020788421964057095, 'disgusted': 6.59042850742397e-05, 'angry': 0.0031753885786805773, 'sad': 0.023250087859289705, 'surprised': 0.007448122379376466, 'neutral': 0.9314346766409772, 'happy': 0.03441792952921064};14/12/2023 12:08;0
209;0;;gMoPizShoBD8dMUl4Phi;0;0;72.72172546;0;30;;2;0;28/11/2023 10:34;1;;4;1;2;;;gMoPizShoBD8dMUl4Phi;3;{'fearful': 1.7750773295688305e-08, 'disgusted': 2.7830385107563416e-08, 'angry': 0.0008910703472793102, 'sad': 0.01680060103535652, 'surprised': 1.1095493391621858e-05, 'neutral': 0.9822951555252075, 'happy': 2.012938466577907e-06};28/11/2023 10:34;0
208;0;28/11/2023 11:28;gMoPizShoBD8dMUl4Phi;0;0;63.9511261;0;43;28/11/2023 11:28;2;0;28/11/2023 11:28;1;3;4;1;2;5;4;gMoPizShoBD8dMUl4Phi;3;{'fearful': 5.271766747751438e-06, 'disgusted': 0.00034577069962346877, 'angry': 0.0475222005003716, 'sad': 0.0414722071474775, 'surprised': 0.00034033893610538465, 'neutral': 0.9041841857103726, 'happy': 0.006130017320605277};28/11/2023 11:28;0
206;0;28/11/2023 12:28;gMoPizShoBD8dMUl4Phi;0;0;53.90963745;0;58;28/11/2023 12:29;2;0;28/11/2023 12:28;1;3;5;1;2;7;3;gMoPizShoBD8dMUl4Phi;3;{'fearful': 0.0014397592522638757, 'disgusted': 0.008987310316327376, 'angry': 0.12987195345592156, 'sad': 0.08724364891099429, 'surprised': 1.2639431336772044e-05, 'neutral': 0.7687307183962099, 'happy': 0.0037139770749863477};28/11/2023 12:28;0
205;0;28/11/2023 12:58;gMoPizShoBD8dMUl4Phi;0;0;64.57314301;1;64;28/11/2023 12:58;2;0;28/11/2023 12:58;1;3;2;1;2;2;2;gMoPizShoBD8dMUl4Phi;3;{'fearful': 0.012505652711415266, 'disgusted': 0.010863592833719522, 'angry': 0.045334188207676, 'sad': 0.26342822158296525, 'surprised': 0.0015937212627469216, 'neutral': 0.4638450934854618, 'happy': 0.20242954283249823};28/11/2023 12:58;0
204;0;;gMoPizShoBD8dMUl4Phi;0;0;77.51280212;0;69;;5;0;1/12/2023 10:05;1;;1;0;2;;;gMoPizShoBD8dMUl4Phi;3;{'fearful': 5.380561757722164e-05, 'disgusted': 0.06563074393780206, 'angry': 0.15158415650069437, 'sad': 0.32740468286031466, 'surprised': 0.000640994226671789, 'neutral': 0.4332119152859377, 'happy': 0.021473716256009693};1/12/2023 10:05;0
200;0;;gMoPizShoBD8dMUl4Phi;0;0;65.20619965;0;62;;5;0;1/12/2023 12:05;1;;3;0;2;;;gMoPizShoBD8dMUl4Phi;3;{'fearful': 6.480054625928395e-06, 'disgusted': 0.005572164667307977, 'angry': 0.26324199889057753, 'sad': 0.14181607418288422, 'surprised': 0.00016138485951072354, 'neutral': 0.5871825370631996, 'happy': 0.00201935264788089};1/12/2023 12:05;0
199;0;1/12/2023 12:35;gMoPizShoBD8dMUl4Phi;0;0;77.88742828;0;61;1/12/2023 12:35;5;0;1/12/2023 12:35;1;4;2;0;2;5;4;gMoPizShoBD8dMUl4Phi;3;{'fearful': 0.00010320800262754215, 'disgusted': 0.019473270550924102, 'angry': 0.20630573027786633, 'sad': 0.15460636899415736, 'surprised': 4.867151614367855e-05, 'neutral': 0.5854341242546475, 'happy': 0.03402863218453783};1/12/2023 12:35;0
9;0;5/12/2023 16:25;IRe1FM7QipWVKWTEORJu;0;0;86.7279892;1;72;5/12/2023 16:26;2;0;5/12/2023 16:25;1;3;3;0;2;6;4;IRe1FM7QipWVKWTEORJu;3;{'fearful': 0.012749381899619416, 'disgusted': 0.04061933102578711, 'angry': 0.18007840266434913, 'sad': 0.037292682570662185, 'surprised': 0.01940150597495564, 'neutral': 0.3179394191659124, 'happy': 0.3919192801453967};5/12/2023 16:25;0
8;0;;IRe1FM7QipWVKWTEORJu;0;0;81.20337677;0;70;;2;0;5/12/2023 16:55;1;;2;0;2;;;IRe1FM7QipWVKWTEORJu;3;{'fearful': 5.042114580472172e-06, 'disgusted': 0.007412723157205529, 'angry': 0.007205996705970897, 'sad': 0.01718299639490933, 'surprised': 0.017039671914818696, 'neutral': 0.947734903626972, 'happy': 0.003418675029889316};5/12/2023 16:55;0
33;0;17/11/2023 11:29;SAOXbQtictzpnIbCFZv1;0;0;71.70470428;0;45;17/11/2023 11:29;5;0;17/11/2023 11:28;1;4;1;0;2;8;3;SAOXbQtictzpnIbCFZv1;0;{'fearful': 1.754193908709567e-05, 'disgusted': 0.000640378799289465, 'angry': 0.002655081683769822, 'sad': 0.0023920589592307806, 'surprised': 0.0010505042737349868, 'neutral': 0.9183493852615356, 'happy': 0.0748949646949768};17/11/2023 11:29;0
32;0;17/11/2023 12:09;SAOXbQtictzpnIbCFZv1;1;0;62.04867554;0;43;17/11/2023 12:09;5;0;17/11/2023 12:08;1;3;4;0;2;7;4;SAOXbQtictzpnIbCFZv1;2;{'fearful': 5.467060484876107e-11, 'disgusted': 2.04034069639647e-08, 'angry': 1.4207270169208641e-06, 'sad': 1.7309228894646367e-07, 'surprised': 3.992401161667658e-06, 'neutral': 0.9999940395355225, 'happy': 3.535036796620261e-07};17/11/2023 12:09;0
31;1;17/11/2023 12:52;SAOXbQtictzpnIbCFZv1;0;0;66.54718018;0;41;17/11/2023 12:52;5;0;17/11/2023 12:49;1;4;5;0;2;7;2;SAOXbQtictzpnIbCFZv1;3;{'fearful': 2.7362246583090277e-12, 'disgusted': 4.867954372933525e-10, 'angry': 2.021473477498148e-07, 'sad': 9.851832238894076e-09, 'surprised': 7.859396333742552e-08, 'neutral': 0.9999995231628418, 'happy': 7.765930831737933e-08};17/11/2023 12:49;0
29;0;21/11/2023 09:28;SAOXbQtictzpnIbCFZv1;0;0;52.74979401;0;98;21/11/2023 09:28;2;0;21/11/2023 09:28;1;4;2;0;2;7;4;SAOXbQtictzpnIbCFZv1;3;{'fearful': 5.949902793933824e-06, 'disgusted': 0.0006406053623729319, 'angry': 0.019248746945266203, 'sad': 0.08823370692380708, 'surprised': 0.0014283228048931206, 'neutral': 0.8714207503106445, 'happy': 0.019021919041459015};21/11/2023 09:27;0
28;0;21/11/2023 09:59;SAOXbQtictzpnIbCFZv1;0;0;60.12932205;0;96;21/11/2023 09:59;2;0;21/11/2023 09:58;1;3;2;0;2;5;4;SAOXbQtictzpnIbCFZv1;3;{'fearful': 0.004845722641996795, 'disgusted': 0.009785600019905066, 'angry': 0.008713933836690765, 'sad': 0.23713009293408643, 'surprised': 0.0002001916200850856, 'neutral': 0.719336290451649, 'happy': 0.019988179272831013};21/11/2023 09:57;0
27;0;21/11/2023 10:28;SAOXbQtictzpnIbCFZv1;0;0;61.19884109;0;95;21/11/2023 10:28;2;0;21/11/2023 10:28;1;4;2;0;2;5;4;SAOXbQtictzpnIbCFZv1;3;{'fearful': 8.825013291466595e-07, 'disgusted': 6.907475316833887e-06, 'angry': 0.017261185274928904, 'sad': 0.03797450799947097, 'surprised': 0.00013579668389516238, 'neutral': 0.9446107664350732, 'happy': 9.948451513817595e-06};21/11/2023 10:27;0
26;0;21/11/2023 10:58;SAOXbQtictzpnIbCFZv1;0;0;79.38272095;0;94;21/11/2023 10:58;2;0;21/11/2023 10:58;1;3;2;0;2;5;2;SAOXbQtictzpnIbCFZv1;3;{'fearful': 0.0005267726922007236, 'disgusted': 0.10081766674096039, 'angry': 0.15835112241481078, 'sad': 0.28783863462093806, 'surprised': 0.004588200058267766, 'neutral': 0.3332013865160156, 'happy': 0.11467620661252437};21/11/2023 10:57;0
25;0;21/11/2023 11:29;SAOXbQtictzpnIbCFZv1;0;0;59.60915375;0;93;21/11/2023 11:30;2;0;21/11/2023 11:28;1;4;3;0;2;7;3;SAOXbQtictzpnIbCFZv1;3;{'fearful': 2.5952525218963768e-05, 'disgusted': 9.975056746170066e-05, 'angry': 0.014986037857064857, 'sad': 0.24941995914923784, 'surprised': 0.00015542302568449903, 'neutral': 0.7296810021069623, 'happy': 0.005631874193178999};21/11/2023 11:27;0
24;0;21/11/2023 11:58;SAOXbQtictzpnIbCFZv1;0;0;62.7849884;0;91;21/11/2023 11:58;2;0;21/11/2023 11:58;1;5;2;0;2;7;2;SAOXbQtictzpnIbCFZv1;3;{'fearful': 0.003773248879634982, 'disgusted': 0.0045884517280504805, 'angry': 0.06970889114507103, 'sad': 0.28931575074357957, 'surprised': 0.0025077386885036684, 'neutral': 0.6239535071068064, 'happy': 0.006152421564563775};21/11/2023 11:57;0
22;0;21/11/2023 12:59;SAOXbQtictzpnIbCFZv1;0;0;77.23188782;0;89;21/11/2023 13:00;2;0;21/11/2023 12:58;1;5;3;0;2;7;2;SAOXbQtictzpnIbCFZv1;3;{'fearful': 6.8891109655249365e-06, 'disgusted': 0.0002930529408747681, 'angry': 0.0014655406892525795, 'sad': 0.03504642790094755, 'surprised': 8.626669053779518e-05, 'neutral': 0.9624112424940834, 'happy': 0.0006905702832823231};21/11/2023 12:57;0
20;0;;SAOXbQtictzpnIbCFZv1;0;0;85.66828918;0;84;;2;0;21/11/2023 14:58;1;;4;0;2;;;SAOXbQtictzpnIbCFZv1;3;{'fearful': 1.5132302295956838e-06, 'disgusted': 0.027255257460443286, 'angry': 0.5446763676531322, 'sad': 0.26990287519418804, 'surprised': 8.496034510898564e-06, 'neutral': 0.15770971556745092, 'happy': 0.00044577077968908555};21/11/2023 14:58;0
46;0;27/11/2023 12:59;Sh5dn1jKmJfX7NtRSf78;0;0;58.7302742;0;67;27/11/2023 13:00;1;0;27/11/2023 12:59;1;4;1;0;2;11;4;Sh5dn1jKmJfX7NtRSf78;3;{'fearful': 0.0014892882537019536, 'disgusted': 0.0008906185347314888, 'angry': 0.06642738230024965, 'sad': 0.425593432612144, 'surprised': 0.002634613531225473, 'neutral': 0.47357186001653856, 'happy': 0.02939280962368684};27/11/2023 12:59;0
42;0;27/11/2023 15:18;Sh5dn1jKmJfX7NtRSf78;0;0;65.09095764;0;59;27/11/2023 15:19;1;0;27/11/2023 15:18;1;2;3;0;2;4;3;Sh5dn1jKmJfX7NtRSf78;3;{'fearful': 0.002441547669849103, 'disgusted': 0.029311024255440386, 'angry': 0.017015979894394045, 'sad': 0.1166555108127846, 'surprised': 0.003385179829881155, 'neutral': 0.7890930217432066, 'happy': 0.04209772810120033};27/11/2023 15:18;0
41;0;27/11/2023 15:49;Sh5dn1jKmJfX7NtRSf78;0;0;77.48847198;0;57;27/11/2023 15:49;1;0;27/11/2023 15:49;1;4;2;0;2;7;2;Sh5dn1jKmJfX7NtRSf78;3;{'fearful': 0.013287215607538674, 'disgusted': 0.0026493234300263846, 'angry': 0.17125859310181107, 'sad': 0.14569369578098956, 'surprised': 0.05836841512735547, 'neutral': 0.5938164008299024, 'happy': 0.014926384858932402};27/11/2023 15:48;0
40;0;;Sh5dn1jKmJfX7NtRSf78;0;0;67.78686523;0;56;;1;0;27/11/2023 16:18;1;;5;0;2;;;Sh5dn1jKmJfX7NtRSf78;3;{'fearful': 0.009570099927576459, 'disgusted': 0.004577649160904395, 'angry': 0.05416651021201128, 'sad': 0.041557954013726965, 'surprised': 0.0046463237047228234, 'neutral': 0.8740957707930838, 'happy': 0.011385688305894388};27/11/2023 16:18;0
39;0;4/12/2023 10:47;Sh5dn1jKmJfX7NtRSf78;0;0;58.58837891;1;50;4/12/2023 10:47;1;0;4/12/2023 10:38;1;4;2;1;2;5;3;Sh5dn1jKmJfX7NtRSf78;3;{'fearful': 2.5932089808833325e-10, 'disgusted': 1.3379731171880849e-05, 'angry': 0.00026962929405272007, 'sad': 0.9932926893234253, 'surprised': 1.7738956969992614e-08, 'neutral': 0.006205516867339611, 'happy': 0.0002188423095503822};4/12/2023 10:38;0
223;0;15/11/2023 10:41;szRMTRYT7Yt33RjxB53V;1;0;70.46191406;0;69;15/11/2023 10:41;3;0;15/11/2023 10:41;1;4;1;0;2;8;3;szRMTRYT7Yt33RjxB53V;2;{'fearful': 9.101877584960505e-11, 'disgusted': 1.7476070368616092e-08, 'angry': 0.0013953922316432, 'sad': 1.5796678098922712e-07, 'surprised': 2.2767326299799606e-06, 'neutral': 0.9985709190368652, 'happy': 3.125329749309458e-05};15/11/2023 10:41;0
219;0;22/11/2023 10:19;szRMTRYT7Yt33RjxB53V;0;0;68.03490448;0;71;22/11/2023 10:19;3;0;22/11/2023 10:19;1;4;1;0;2;8;4;szRMTRYT7Yt33RjxB53V;3;{'fearful': 0.002171248183362737, 'disgusted': 0.02066404073611855, 'angry': 0.22207746944250933, 'sad': 0.12640310672625835, 'surprised': 0.0004350679031763112, 'neutral': 0.4877841451567145, 'happy': 0.14046492353793566};22/11/2023 10:19;0
218;0;22/11/2023 10:49;szRMTRYT7Yt33RjxB53V;0;0;67.04750824;0;70;22/11/2023 10:49;3;0;22/11/2023 10:49;1;4;1;0;2;9;3;szRMTRYT7Yt33RjxB53V;3;{'fearful': 7.904552465896833e-07, 'disgusted': 0.005327794823488622, 'angry': 0.10809569669337096, 'sad': 0.16235866928741413, 'surprised': 0.00010888080741651555, 'neutral': 0.7053026936786905, 'happy': 0.018805469459824628};22/11/2023 10:49;0
215;0;22/11/2023 12:19;szRMTRYT7Yt33RjxB53V;0;0;53.67893982;0;66;22/11/2023 12:19;3;0;22/11/2023 12:19;1;3;1;0;2;7;3;szRMTRYT7Yt33RjxB53V;3;{'fearful': 0.0003462711669719454, 'disgusted': 0.0012544474011519924, 'angry': 0.051964324064708, 'sad': 0.3663620663185914, 'surprised': 0.003954578023694921, 'neutral': 0.5116739546259244, 'happy': 0.06444438236455123};22/11/2023 12:19;0
214;0;22/11/2023 12:49;szRMTRYT7Yt33RjxB53V;0;0;55.07165909;0;65;22/11/2023 12:49;3;0;22/11/2023 12:49;1;3;1;0;2;7;3;szRMTRYT7Yt33RjxB53V;3;{'fearful': 3.0997978494456957e-06, 'disgusted': 0.0732476500231769, 'angry': 0.40877993777394295, 'sad': 0.003280178571003489, 'surprised': 0.0006949481958145043, 'neutral': 0.4883214980363846, 'happy': 0.025672641349956393};22/11/2023 12:49;0
213;0;22/11/2023 13:19;szRMTRYT7Yt33RjxB53V;0;0;63.25725937;0;64;22/11/2023 13:19;3;0;22/11/2023 13:19;1;4;1;0;2;8;4;szRMTRYT7Yt33RjxB53V;3;{'fearful': 0.0001315778645221144, 'disgusted': 0.0012418978149071336, 'angry': 0.2976078987121582, 'sad': 0.01437391433864832, 'surprised': 0.0020819681230932474, 'neutral': 0.5698019862174988, 'happy': 0.11476082354784012};22/11/2023 13:19;0
212;0;;szRMTRYT7Yt33RjxB53V;0;0;90.30873108;1;62;;3;0;22/11/2023 13:49;1;;2;0;2;;;szRMTRYT7Yt33RjxB53V;3;{'fearful': 3.675455664446196e-05, 'disgusted': 0.0027425688707201816, 'angry': 0.008590732933953404, 'sad': 0.011286845479238156, 'surprised': 0.00414400521512448, 'neutral': 0.8623795111974081, 'happy': 0.11081954588492711};22/11/2023 13:49;0
64;0;18/12/2023 11:50;U1pFqzoeTEI4roTUtXRE;0;0;64.92996979;0;70;18/12/2023 11:50;1;0;18/12/2023 11:42;1;3;5;0;2;8;3;U1pFqzoeTEI4roTUtXRE;3;{'fearful': 0.0002860874143916482, 'disgusted': 0.04332578967876416, 'angry': 0.19647695408275465, 'sad': 0.48744085166030204, 'surprised': 0.001625132311812212, 'neutral': 0.2665968007999114, 'happy': 0.0042483823053553};18/12/2023 11:42;0
54;0;20/12/2023 10:00;U1pFqzoeTEI4roTUtXRE;0;0;60;0;31;20/12/2023 10:00;3;0;20/12/2023 10:00;1;2;2;0;2;8;4;U1pFqzoeTEI4roTUtXRE;3;{'fearful': 0.002308818663745646, 'disgusted': 0.026966466621272465, 'angry': 0.11150292665976794, 'sad': 0.1267670362888436, 'surprised': 0.0016064439739061382, 'neutral': 0.7268067889678177, 'happy': 0.004041519884780503};20/12/2023 10:00;0
53;0;20/12/2023 10:30;U1pFqzoeTEI4roTUtXRE;0;0;62.52262497;0;29;20/12/2023 10:31;3;0;20/12/2023 10:30;1;2;2;0;2;7;4;U1pFqzoeTEI4roTUtXRE;3;{'fearful': 5.5948910184915644e-05, 'disgusted': 0.09283343764608225, 'angry': 0.030468311960768397, 'sad': 0.4389660647138953, 'surprised': 0.0005222142198420622, 'neutral': 0.35664771031588316, 'happy': 0.08050630800919732};20/12/2023 10:30;0
52;0;20/12/2023 11:00;U1pFqzoeTEI4roTUtXRE;0;0;63.20937347;0;28;20/12/2023 11:00;3;0;20/12/2023 11:00;1;2;2;0;2;8;4;U1pFqzoeTEI4roTUtXRE;3;{'fearful': 0.0006496787822126545, 'disgusted': 0.026029315060960852, 'angry': 0.1092100020863914, 'sad': 0.019066293047347114, 'surprised': 0.019691748563933024, 'neutral': 0.8090481768761362, 'happy': 0.016304778442385474};20/12/2023 11:00;0
51;0;20/12/2023 11:30;U1pFqzoeTEI4roTUtXRE;0;0;64.72066498;0;27;20/12/2023 11:30;3;0;20/12/2023 11:30;1;2;2;0;2;7;4;U1pFqzoeTEI4roTUtXRE;3;{'fearful': 0.00020110110959153612, 'disgusted': 0.01545595096960459, 'angry': 0.17571946008639977, 'sad': 0.07408354401944534, 'surprised': 0.0059669870828458595, 'neutral': 0.7234160864506575, 'happy': 0.005156879722301923};20/12/2023 11:30;0
248;0;;vv3rbjOggOgrA7nCX4Gx;0;0;59.57273865;0;100;;2;0;28/11/2023 11:59;1;;3;1;2;;;vv3rbjOggOgrA7nCX4Gx;3;{'fearful': 0.01706727413694289, 'disgusted': 0.023787196654514748, 'angry': 0.019173916734871455, 'sad': 0.07482525459136015, 'surprised': 0.2847588614983228, 'neutral': 0.5358107984066011, 'happy': 0.04457671940326691};28/11/2023 11:59;0
247;0;;vv3rbjOggOgrA7nCX4Gx;0;0;59.52700043;0;100;;2;0;28/11/2023 12:29;1;;3;1;2;;;vv3rbjOggOgrA7nCX4Gx;3;{'fearful': 2.618102521748171e-05, 'disgusted': 0.025734336737435373, 'angry': 0.07822329441722954, 'sad': 0.329797601843693, 'surprised': 0.0005462705216016776, 'neutral': 0.5234110272665419, 'happy': 0.042261271831771405};28/11/2023 12:29;0
244;0;;vv3rbjOggOgrA7nCX4Gx;0;0;80.58361816;0;97;;2;0;28/11/2023 14:29;1;;5;1;2;;;vv3rbjOggOgrA7nCX4Gx;3;{'fearful': 0.0003796248891569366, 'disgusted': 0.00765408849705079, 'angry': 0.03499799107548816, 'sad': 0.5212768186481729, 'surprised': 0.0007901998115804699, 'neutral': 0.3300509407439031, 'happy': 0.10485035112002856};28/11/2023 14:29;0
243;0;;vv3rbjOggOgrA7nCX4Gx;0;0;72.78973389;0;97;;4;0;7/12/2023 09:44;1;;1;0;2;;;vv3rbjOggOgrA7nCX4Gx;3;{'fearful': 1.4881106546968778e-06, 'disgusted': 0.000725721434142143, 'angry': 5.4928614814322425e-05, 'sad': 0.0009768612227016534, 'surprised': 0.0014497865960274947, 'neutral': 0.9766875361092388, 'happy': 0.020103681417758985};7/12/2023 09:44;0
242;0;7/12/2023 10:14;vv3rbjOggOgrA7nCX4Gx;0;0;90.30873108;0;96;7/12/2023 10:15;4;0;7/12/2023 10:14;1;3;1;0;2;9;3;vv3rbjOggOgrA7nCX4Gx;3;{'fearful': 0.000850109668615802, 'disgusted': 0.019557357253940748, 'angry': 0.01819588933793215, 'sad': 0.03880809396846785, 'surprised': 0.011009501656524702, 'neutral': 0.8452307403645896, 'happy': 0.0663483084061661};7/12/2023 10:14;0
241;0;;vv3rbjOggOgrA7nCX4Gx;1;0;64.58851624;0;95;;4;0;7/12/2023 10:44;1;;1;0;2;;;vv3rbjOggOgrA7nCX4Gx;3;{'fearful': 0.0030783155741521914, 'disgusted': 0.028949549228357123, 'angry': 0.16937500054610682, 'sad': 0.05945827967133526, 'surprised': 0.0011014193565821238, 'neutral': 0.3521978468357009, 'happy': 0.3858395830972032};7/12/2023 10:44;0
235;0;11/12/2023 09:26;vv3rbjOggOgrA7nCX4Gx;0;0;66.63664246;0;81;11/12/2023 09:26;1;0;11/12/2023 09:26;1;4;2;0;2;8;4;vv3rbjOggOgrA7nCX4Gx;3;{'fearful': 0.0015671662822759336, 'disgusted': 0.006165994056715363, 'angry': 0.38584890926722437, 'sad': 0.19011447567027062, 'surprised': 0.0003742808594182634, 'neutral': 0.35565378330647945, 'happy': 0.06027540005379706};11/12/2023 09:26;0
234;0;11/12/2023 09:56;vv3rbjOggOgrA7nCX4Gx;0;0;69.5453186;0;80;11/12/2023 09:57;1;0;11/12/2023 09:56;1;3;2;0;2;5;2;vv3rbjOggOgrA7nCX4Gx;3;{'fearful': 0.00017935081655763598, 'disgusted': 0.000385568499407541, 'angry': 0.3453960421741511, 'sad': 0.2089157722052429, 'surprised': 0.018188547005330298, 'neutral': 0.4127915305125901, 'happy': 0.014143188126213473};11/12/2023 09:56;0
226;0;11/12/2023 16:10;vv3rbjOggOgrA7nCX4Gx;0;0;61.49633026;0;52;11/12/2023 16:10;1;0;11/12/2023 16:10;1;2;3;0;1;7;3;vv3rbjOggOgrA7nCX4Gx;3;{'fearful': 6.790466040594115e-05, 'disgusted': 0.001551990722039894, 'angry': 0.08993843772138159, 'sad': 0.0571866304089781, 'surprised': 0.0015849160913982512, 'neutral': 0.5479137003421783, 'happy': 0.3017563934748372};11/12/2023 16:10;0
260;1;;x34qiVGIqBRhVKKzWz9T;0;0;64.80599213;0;89;;3;0;6/12/2023 10:56;1;;3;0;2;;;x34qiVGIqBRhVKKzWz9T;3;{'fearful': 2.8365382931383465e-08, 'disgusted': 9.550150934956037e-06, 'angry': 0.9812520742416382, 'sad': 0.0018037357367575169, 'surprised': 8.971942406788003e-06, 'neutral': 0.008485508151352406, 'happy': 0.008440050296485424};6/12/2023 10:56;0
258;0;6/12/2023 11:56;x34qiVGIqBRhVKKzWz9T;0;0;65.3575058;0;85;6/12/2023 11:57;3;0;6/12/2023 11:56;1;3;2;0;2;11;4;x34qiVGIqBRhVKKzWz9T;3;{'fearful': 9.170275507235975e-07, 'disgusted': 0.0014423651405770308, 'angry': 0.0158748896331996, 'sad': 0.020163484373359675, 'surprised': 0.004324584863985078, 'neutral': 0.924489294940775, 'happy': 0.033704468795804125};6/12/2023 11:56;0
252;0;6/12/2023 15:10;x34qiVGIqBRhVKKzWz9T;0;0;70.03760529;0;72;6/12/2023 15:10;3;0;6/12/2023 15:04;1;3;3;0;2;9;3;x34qiVGIqBRhVKKzWz9T;3;{'fearful': 0.0010268091818927826, 'disgusted': 0.0020246524369502026, 'angry': 0.5545178078114987, 'sad': 0.26450669351761463, 'surprised': 0.004073815661271008, 'neutral': 0.12454405660682824, 'happy': 0.049306215843535034};6/12/2023 15:04;0
251;0;6/12/2023 15:34;x34qiVGIqBRhVKKzWz9T;0;0;62.13741302;1;69;6/12/2023 15:34;3;0;6/12/2023 15:34;1;5;2;0;2;9;3;x34qiVGIqBRhVKKzWz9T;3;{'fearful': 0.00010455318543041793, 'disgusted': 7.91813263780686e-05, 'angry': 0.029143438426360392, 'sad': 0.1337023238865576, 'surprised': 0.0008705031928554622, 'neutral': 0.7816920465124504, 'happy': 0.054407951985181835};6/12/2023 15:34;0
87;0;6/12/2023 10:26;XgGpKa0LW74g5jxci1DF;1;0;77.58421326;0;58;6/12/2023 10:26;3;0;6/12/2023 10:25;1;4;4;0;2;9;4;XgGpKa0LW74g5jxci1DF;3;{'fearful': 0.004889444780981368, 'disgusted': 0.0009853551071702124, 'angry': 0.13429548867749805, 'sad': 0.19978995841497985, 'surprised': 0.002337454266335743, 'neutral': 0.6529657508318241, 'happy': 0.004736539546617389};6/12/2023 10:25;0
75;0;7/12/2023 10:47;XXc0xwy4ZQpL3SM8pfiZ;1;0;83.21296692;0;95;7/12/2023 10:47;4;0;7/12/2023 10:43;1;5;2;0;2;1;1;XXc0xwy4ZQpL3SM8pfiZ;3;{'fearful': 4.864389598589751e-14, 'disgusted': 2.099271201316809e-09, 'angry': 1.3097773262415994e-05, 'sad': 0.0002902103587985037, 'surprised': 5.277993153640641e-08, 'neutral': 0.9996965527534476, 'happy': 8.360319725397849e-08};7/12/2023 10:43;0
74;0;7/12/2023 11:13;XXc0xwy4ZQpL3SM8pfiZ;0;0;71.49220276;0;93;7/12/2023 11:13;4;0;7/12/2023 11:13;1;3;3;0;2;9;4;XXc0xwy4ZQpL3SM8pfiZ;3;{'fearful': 4.864389598589751e-14, 'disgusted': 2.099271201316809e-09, 'angry': 1.3097773262415994e-05, 'sad': 0.0002902103587985037, 'surprised': 5.277993153640641e-08, 'neutral': 0.9996965527534476, 'happy': 8.360319725397849e-08};7/12/2023 11:13;0
73;0;7/12/2023 11:45;XXc0xwy4ZQpL3SM8pfiZ;0;0;65.63430023;0;92;7/12/2023 11:45;4;0;7/12/2023 11:43;1;4;1;0;2;9;3;XXc0xwy4ZQpL3SM8pfiZ;3;{'fearful': 4.864389598589751e-14, 'disgusted': 2.099271201316809e-09, 'angry': 1.3097773262415994e-05, 'sad': 0.0002902103587985037, 'surprised': 5.277993153640641e-08, 'neutral': 0.9996965527534476, 'happy': 8.360319725397849e-08};7/12/2023 11:43;0
72;0;7/12/2023 12:15;XXc0xwy4ZQpL3SM8pfiZ;0;0;58.72021484;1;90;7/12/2023 12:15;4;0;7/12/2023 12:13;1;3;1;0;2;9;3;XXc0xwy4ZQpL3SM8pfiZ;3;{'fearful': 4.864389598589751e-14, 'disgusted': 2.099271201316809e-09, 'angry': 1.3097773262415994e-05, 'sad': 0.0002902103587985037, 'surprised': 5.277993153640641e-08, 'neutral': 0.9996965527534476, 'happy': 8.360319725397849e-08};7/12/2023 12:13;0
71;0;7/12/2023 12:47;XXc0xwy4ZQpL3SM8pfiZ;0;0;73.68074036;0;88;7/12/2023 12:48;4;0;7/12/2023 12:43;1;3;2;0;2;9;4;XXc0xwy4ZQpL3SM8pfiZ;3;{'fearful': 4.864389598589751e-14, 'disgusted': 2.099271201316809e-09, 'angry': 1.3097773262415994e-05, 'sad': 0.0002902103587985037, 'surprised': 5.277993153640641e-08, 'neutral': 0.9996965527534476, 'happy': 8.360319725397849e-08};7/12/2023 12:43;0
70;0;7/12/2023 13:13;XXc0xwy4ZQpL3SM8pfiZ;0;0;80.90645599;1;86;7/12/2023 13:13;4;0;7/12/2023 13:13;1;1;2;0;2;1;2;XXc0xwy4ZQpL3SM8pfiZ;3;{'fearful': 4.864389598589751e-14, 'disgusted': 2.099271201316809e-09, 'angry': 1.3097773262415994e-05, 'sad': 0.0002902103587985037, 'surprised': 5.277993153640641e-08, 'neutral': 0.9996965527534476, 'happy': 8.360319725397849e-08};7/12/2023 13:13;0
69;0;;XXc0xwy4ZQpL3SM8pfiZ;1;0;90.28298187;0;84;;4;0;7/12/2023 13:43;1;;3;0;2;;;XXc0xwy4ZQpL3SM8pfiZ;3;{'fearful': 4.864389598589751e-14, 'disgusted': 2.099271201316809e-09, 'angry': 1.3097773262415994e-05, 'sad': 0.0002902103587985037, 'surprised': 5.277993153640641e-08, 'neutral': 0.9996965527534476, 'happy': 8.360319725397849e-08};7/12/2023 13:43;0
68;0;7/12/2023 14:13;XXc0xwy4ZQpL3SM8pfiZ;0;0;70.18673706;0;83;7/12/2023 14:14;4;0;7/12/2023 14:13;1;4;2;0;2;4;3;XXc0xwy4ZQpL3SM8pfiZ;3;{'fearful': 4.864389598589751e-14, 'disgusted': 2.099271201316809e-09, 'angry': 1.3097773262415994e-05, 'sad': 0.0002902103587985037, 'surprised': 5.277993153640641e-08, 'neutral': 0.9996965527534476, 'happy': 8.360319725397849e-08};7/12/2023 14:13;0
67;0;7/12/2023 14:48;XXc0xwy4ZQpL3SM8pfiZ;0;0;68.64334869;1;80;7/12/2023 14:48;4;0;7/12/2023 14:43;1;2;2;0;2;9;4;XXc0xwy4ZQpL3SM8pfiZ;3;{'fearful': 4.864389598589751e-14, 'disgusted': 2.099271201316809e-09, 'angry': 1.3097773262415994e-05, 'sad': 0.0002902103587985037, 'surprised': 5.277993153640641e-08, 'neutral': 0.9996965527534476, 'happy': 8.360319725397849e-08};7/12/2023 14:43;0
66;0;7/12/2023 15:22;XXc0xwy4ZQpL3SM8pfiZ;0;0;75.78456116;0;75;7/12/2023 15:22;4;0;7/12/2023 15:22;1;4;2;0;2;9;3;XXc0xwy4ZQpL3SM8pfiZ;3;{'fearful': 3.4873041678040407e-07, 'disgusted': 7.394672486705343e-05, 'angry': 5.405143917869315e-05, 'sad': 0.6653088877598444, 'surprised': 4.2404142320011024e-05, 'neutral': 0.33419351954580634, 'happy': 0.0003268478251916563};7/12/2023 15:22;0
65;0;;XXc0xwy4ZQpL3SM8pfiZ;0;0;76.84968567;0;74;;4;0;7/12/2023 15:52;1;;2;0;2;;;XXc0xwy4ZQpL3SM8pfiZ;3;{'fearful': 3.0077852308070736e-06, 'disgusted': 0.00013717736548185403, 'angry': 0.04287023575100292, 'sad': 0.10620618658197795, 'surprised': 2.9475154158713016e-06, 'neutral': 0.849706224894718, 'happy': 0.0010741941583872422};7/12/2023 15:52;0
271;0;24/11/2023 09:24;yKRSZtXXsS8BkhepdZhy;0;0;78.84809875;0;96;24/11/2023 09:25;5;0;24/11/2023 08:58;1;2;4;0;2;5;5;yKRSZtXXsS8BkhepdZhy;3;{'fearful': 3.374627766561389e-05, 'disgusted': 0.0029306646556506166, 'angry': 0.0394253209233284, 'sad': 0.15906650573015213, 'surprised': 0.02982262405566871, 'neutral': 0.6948746889829636, 'happy': 0.073846525978297};24/11/2023 08:58;0
269;0;24/11/2023 10:10;yKRSZtXXsS8BkhepdZhy;1;0;68.595047;0;93;24/11/2023 10:10;5;0;24/11/2023 09:58;1;1;2;0;2;9;5;yKRSZtXXsS8BkhepdZhy;3;{'fearful': 0.0015688901250021032, 'disgusted': 0.06903720423889477, 'angry': 0.06284314109625685, 'sad': 0.24466901438127384, 'surprised': 0.024485646619669833, 'neutral': 0.5580165618280021, 'happy': 0.039379547218997765};24/11/2023 09:58;0
268;0;;yKRSZtXXsS8BkhepdZhy;0;0;66.78107452;0;92;;5;0;24/11/2023 10:28;1;;2;0;2;;;yKRSZtXXsS8BkhepdZhy;3;{'fearful': 1.1051564279845089e-05, 'disgusted': 0.000616427707427647, 'angry': 0.003479921144909375, 'sad': 0.7779836846249444, 'surprised': 0.0001773285626427423, 'neutral': 0.20783444821634994, 'happy': 0.009897151120899901};24/11/2023 10:28;0
267;1;24/11/2023 10:58;yKRSZtXXsS8BkhepdZhy;0;0;90.30873108;0;91;24/11/2023 10:58;5;0;24/11/2023 10:57;1;5;5;0;2;7;2;yKRSZtXXsS8BkhepdZhy;3;{'fearful': 4.001109542262071e-05, 'disgusted': 0.0032527178050258954, 'angry': 0.010497423121705651, 'sad': 0.6869350364431739, 'surprised': 0.00016860585503764014, 'neutral': 0.28962386725470424, 'happy': 0.009482383517024573};24/11/2023 10:58;0
263;0;;yKRSZtXXsS8BkhepdZhy;0;0;72.48564148;0;86;;5;0;24/11/2023 12:57;1;;5;0;2;;;yKRSZtXXsS8BkhepdZhy;3;{'fearful': 2.5084177149303777e-07, 'disgusted': 1.7265963769663717e-05, 'angry': 0.000664957956331591, 'sad': 0.39297138020629063, 'surprised': 2.915120055679843e-05, 'neutral': 0.5618725838130558, 'happy': 0.04444442013027583};24/11/2023 12:58;0
113;0;12/12/2023 11:35;YmIggFiYE0bKQH45D32l;0;0;70.9283905;0;86;12/12/2023 11:35;2;0;12/12/2023 11:34;1;4;3;0;2;4;3;YmIggFiYE0bKQH45D32l;3;{'fearful': 9.36343548690507e-05, 'disgusted': 2.065020074398793e-06, 'angry': 0.006127502050533924, 'sad': 0.13436330195550375, 'surprised': 0.0010106414225022084, 'neutral': 0.8447368512395771, 'happy': 0.01366599912254405};12/12/2023 11:34;0
105;0;12/12/2023 16:00;YmIggFiYE0bKQH45D32l;0;0;71.27199554;0;69;12/12/2023 16:00;2;0;12/12/2023 15:59;1;4;5;0;2;10;3;YmIggFiYE0bKQH45D32l;3;{'fearful': 4.948493597112247e-07, 'disgusted': 2.6729294333449616e-08, 'angry': 1.760459599609021e-05, 'sad': 0.49761848617345095, 'surprised': 1.3119013431150961e-08, 'neutral': 0.5019187657162547, 'happy': 0.0004446568364073755};12/12/2023 15:59;0
103;0;14/12/2023 09:02;YmIggFiYE0bKQH45D32l;0;0;66.51852417;0;98;14/12/2023 09:02;4;0;14/12/2023 08:59;1;3;5;0;2;4;4;YmIggFiYE0bKQH45D32l;3;{'fearful': 0.00010546601151965408, 'disgusted': 4.806403346425495e-06, 'angry': 0.016534302990210865, 'sad': 0.175144063364858, 'surprised': 0.0033417122861948206, 'neutral': 0.7997105848199376, 'happy': 0.005159064709272758};14/12/2023 08:59;0
102;0;14/12/2023 09:30;YmIggFiYE0bKQH45D32l;0;0;62.82899475;0;96;14/12/2023 09:30;4;0;14/12/2023 09:29;1;3;2;0;2;7;3;YmIggFiYE0bKQH45D32l;3;{'fearful': 0.002330358061963488, 'disgusted': 5.901688170050987e-06, 'angry': 0.050882876796854146, 'sad': 0.4242825543348413, 'surprised': 0.0017627978186562062, 'neutral': 0.5014363278335296, 'happy': 0.019299172088609734};14/12/2023 09:29;0
101;0;14/12/2023 10:13;YmIggFiYE0bKQH45D32l;1;0;68.98030853;0;95;14/12/2023 10:13;4;0;14/12/2023 09:59;1;3;2;0;2;9;3;YmIggFiYE0bKQH45D32l;3;{'fearful': 0.0003136167445651174, 'disgusted': 6.7969998630158e-05, 'angry': 0.10264463974377108, 'sad': 0.2156832767394603, 'surprised': 0.007759554975913492, 'neutral': 0.5860122289497235, 'happy': 0.08751871210935551};14/12/2023 09:59;0
98;0;14/12/2023 12:16;YmIggFiYE0bKQH45D32l;0;0;76.91312408;0;84;14/12/2023 12:16;4;0;14/12/2023 12:05;1;3;3;0;2;4;3;YmIggFiYE0bKQH45D32l;3;{'fearful': 0.0016668724847566944, 'disgusted': 0.0009218765185699248, 'angry': 0.05728668488510076, 'sad': 0.21346075084711846, 'surprised': 0.032433503908615054, 'neutral': 0.6851720745793761, 'happy': 0.009058233749030796};14/12/2023 12:05;0
92;0;;YmIggFiYE0bKQH45D32l;1;0;66.17128754;1;73;;4;0;14/12/2023 15:05;1;;5;0;2;;;YmIggFiYE0bKQH45D32l;3;{'fearful': 0.00016509360987855608, 'disgusted': 0.0004927320031716936, 'angry': 0.24867867149794814, 'sad': 0.7286241070027104, 'surprised': 3.19142973268343e-05, 'neutral': 0.021730799655968594, 'happy': 0.0002766913545971036};14/12/2023 15:05;0
91;0;14/12/2023 15:49;YmIggFiYE0bKQH45D32l;0;0;76.03767395;0;70;14/12/2023 15:49;4;0;14/12/2023 15:48;1;3;4;0;2;9;4;YmIggFiYE0bKQH45D32l;3;{'fearful': 0.0002801062719385609, 'disgusted': 0.00020679506800139327, 'angry': 0.022983925944195023, 'sad': 0.24856331037956822, 'surprised': 0.012035809111365382, 'neutral': 0.7098877600587484, 'happy': 0.006042307252743531};14/12/2023 15:48;0
